algorithm,world_size,comm_mode,thread_mode,threads,nlist,nprobe,hnsw_m,hnsw_efc,hnsw_ef,queries,avg_recall,avg_latency_us,max_latency_us
graph,2,blocking,openmp,2,32,4,16,40,16,10,0.9,1647982,2749339
graph,2,blocking,openmp,4,32,4,16,40,16,10,0.9,1760231,2916083
graph,2,blocking,pthread,2,32,4,16,40,16,10,0.87,1874207,3383327
graph,2,blocking,pthread,4,32,4,16,40,16,10,0.87,1891079,3398011
graph,2,blocking,openmp,2,32,4,16,40,32,10,0.93,1881344,3453632
graph,2,blocking,openmp,4,32,4,16,40,32,10,0.91,1868154,2974459
graph,2,blocking,pthread,2,32,4,16,40,32,10,0.92,1917868,3562137
graph,2,blocking,pthread,4,32,4,16,40,32,10,0.92,1946570,3169596
graph,2,blocking,openmp,2,32,4,8,40,16,10,0.89,1518813,2574944
graph,2,blocking,openmp,4,32,4,8,40,16,10,0.86,1718400,3279546
graph,2,blocking,pthread,2,32,4,8,40,16,10,0.88,1655052,3004168
graph,2,blocking,pthread,4,32,4,8,40,16,10,0.88,1757482,3229509
graph,2,blocking,openmp,2,32,4,8,40,32,10,0.91,1613795,2715131
graph,2,blocking,openmp,4,32,4,8,40,32,10,0.91,1578879,3065881
graph,2,blocking,pthread,2,32,4,8,40,32,10,0.91,1637862,3389390
graph,2,blocking,pthread,4,32,4,8,40,32,10,0.91,1740423,3233907
graph,2,blocking,openmp,2,32,8,16,40,16,10,0.94,3367040,4786036
graph,2,blocking,openmp,4,32,8,16,40,16,10,0.91,2196240,3723298
graph,2,blocking,pthread,2,32,8,16,40,16,10,0.92,2525788,3984174
graph,2,blocking,pthread,4,32,8,16,40,16,10,0.92,2067267,3168735
graph,2,blocking,openmp,2,32,8,16,40,32,10,0.96,2488400,4293621
graph,2,blocking,openmp,4,32,8,16,40,32,10,0.98,2741581,4660249
graph,2,blocking,pthread,2,32,8,16,40,32,10,0.96,2622204,4695399
graph,2,blocking,pthread,4,32,8,16,40,32,10,0.96,2772998,4914617
graph,2,blocking,openmp,2,32,8,8,40,16,10,0.82,3507742,4711135
graph,2,blocking,openmp,4,32,8,8,40,16,10,0.89,3381321,5348370
graph,2,blocking,pthread,2,32,8,8,40,16,10,0.89,3655722,5265523
graph,2,blocking,pthread,4,32,8,8,40,16,10,0.89,3372427,4402563
graph,2,blocking,openmp,2,32,8,8,40,32,10,0.95,3007951,4207209
graph,2,blocking,openmp,4,32,8,8,40,32,10,0.94,3286303,4880078
graph,2,blocking,pthread,2,32,8,8,40,32,10,0.95,2465146,4395476
graph,2,blocking,pthread,4,32,8,8,40,32,10,0.95,3216653,4732276
graph,2,blocking,openmp,2,64,4,16,40,16,10,0.93,782367,1273427
graph,2,blocking,openmp,4,64,4,16,40,16,10,0.9,668393,1409709
graph,2,blocking,pthread,2,64,4,16,40,16,10,0.91,852172,1655662
graph,2,blocking,pthread,4,64,4,16,40,16,10,0.91,645844,1606902
graph,2,blocking,openmp,2,64,4,16,40,32,10,0.95,733761,1255590
graph,2,blocking,openmp,4,64,4,16,40,32,10,0.94,857504,1734606
graph,2,blocking,pthread,2,64,4,16,40,32,10,0.93,862906,1625595
graph,2,blocking,pthread,4,64,4,16,40,32,10,0.93,826936,1582678
graph,2,blocking,openmp,2,64,4,8,40,16,10,0.86,621947,1244113
graph,2,blocking,openmp,4,64,4,8,40,16,10,0.87,757301,1520195
graph,2,blocking,pthread,2,64,4,8,40,16,10,0.85,561071,1171095
graph,2,blocking,pthread,4,64,4,8,40,16,10,0.85,612302,1281035
graph,2,blocking,openmp,2,64,4,8,40,32,10,0.91,774187,1532757
graph,2,blocking,openmp,4,64,4,8,40,32,10,0.91,755320,1575542
graph,2,blocking,pthread,2,64,4,8,40,32,10,0.91,820260,1790023
graph,2,blocking,pthread,4,64,4,8,40,32,10,0.91,735987,1198944
graph,2,blocking,openmp,2,64,8,16,40,16,10,0.94,1505763,3324140
graph,2,blocking,openmp,4,64,8,16,40,16,10,0.9,1310361,2679754
graph,2,blocking,pthread,2,64,8,16,40,16,10,0.92,1177901,2967650
graph,2,blocking,pthread,4,64,8,16,40,16,10,0.92,1678009,3205347
graph,2,blocking,openmp,2,64,8,16,40,32,10,0.98,1684640,3296110
graph,2,blocking,openmp,4,64,8,16,40,32,10,0.97,1681970,3102572
graph,2,blocking,pthread,2,64,8,16,40,32,10,0.96,1656486,2838466
graph,2,blocking,pthread,4,64,8,16,40,32,10,0.96,1603579,3003223
graph,2,blocking,openmp,2,64,8,8,40,16,10,0.84,1435803,2779204
graph,2,blocking,openmp,4,64,8,8,40,16,10,0.85,1327317,3103988
graph,2,blocking,pthread,2,64,8,8,40,16,10,0.84,1416296,2644214
graph,2,blocking,pthread,4,64,8,8,40,16,10,0.84,1423412,2748832
graph,2,blocking,openmp,2,64,8,8,40,32,10,0.95,1234146,2818650
graph,2,blocking,openmp,4,64,8,8,40,32,10,0.92,1421141,2945216
graph,2,blocking,pthread,2,64,8,8,40,32,10,0.94,1288264,2992120
graph,2,blocking,pthread,4,64,8,8,40,32,10,0.94,1348782,2654573
mpi_ivf,2,blocking,none,1,128,16,16,100,32,10,0.99,6817525,8086539
mpi_ivf,2,blocking,openmp,2,128,16,16,100,32,10,0.99,5399124,5676318
mpi_ivf,2,blocking,openmp,4,128,16,16,100,32,10,0.99,3685551,3892124
mpi_ivf,2,blocking,pthread,2,128,16,16,100,32,10,0.99,7276921,9230429
mpi_ivf,2,blocking,pthread,4,128,16,16,100,32,10,0.99,7943832,9411306
mpi_ivf,2,blocking,none,1,128,4,16,100,32,10,0.91,6965941,8699719
mpi_ivf,2,blocking,openmp,2,128,4,16,100,32,10,0.91,4107439,4535560
mpi_ivf,2,blocking,openmp,4,128,4,16,100,32,10,0.91,3048411,3255993
mpi_ivf,2,blocking,pthread,2,128,4,16,100,32,10,0.91,6105227,7000178
mpi_ivf,2,blocking,pthread,4,128,4,16,100,32,10,0.91,6705667,8015343
mpi_ivf,2,blocking,none,1,128,8,16,100,32,10,0.97,7322507,8695106
mpi_ivf,2,blocking,openmp,2,128,8,16,100,32,10,0.97,4644378,5139579
mpi_ivf,2,blocking,openmp,4,128,8,16,100,32,10,0.97,3521582,4248381
mpi_ivf,2,blocking,pthread,2,128,8,16,100,32,10,0.97,7500838,8940206
mpi_ivf,2,blocking,pthread,4,128,8,16,100,32,10,0.97,7773443,10399292
mpi_ivf,2,blocking,none,1,32,16,16,100,32,10,1,1907745,1976494
mpi_ivf,2,blocking,openmp,2,32,16,16,100,32,10,1,1553800,1707042
mpi_ivf,2,blocking,openmp,4,32,16,16,100,32,10,1,1212402,1304123
mpi_ivf,2,blocking,pthread,2,32,16,16,100,32,10,1,1975664,2099698
mpi_ivf,2,blocking,pthread,4,32,16,16,100,32,10,1,2078613,2643979
mpi_ivf,2,blocking,none,1,32,4,16,100,32,10,0.97,1828161,2257603
mpi_ivf,2,blocking,openmp,2,32,4,16,100,32,10,0.97,1658255,2134008
mpi_ivf,2,blocking,openmp,4,32,4,16,100,32,10,0.97,1267935,1639504
mpi_ivf,2,blocking,pthread,2,32,4,16,100,32,10,0.97,2534452,3068094
mpi_ivf,2,blocking,pthread,4,32,4,16,100,32,10,0.97,2552239,3108895
mpi_ivf,2,blocking,none,1,32,8,16,100,32,10,1,2031173,2785116
mpi_ivf,2,blocking,openmp,2,32,8,16,100,32,10,1,1344627,1568267
mpi_ivf,2,blocking,openmp,4,32,8,16,100,32,10,1,1040504,1083134
mpi_ivf,2,blocking,pthread,2,32,8,16,100,32,10,1,1912173,2125876
mpi_ivf,2,blocking,pthread,4,32,8,16,100,32,10,1,2266627,2804075
mpi_ivf,2,blocking,none,1,64,16,16,100,32,10,1,3126665,4239441
mpi_ivf,2,blocking,openmp,2,64,16,16,100,32,10,1,2211828,2720939
mpi_ivf,2,blocking,openmp,4,64,16,16,100,32,10,1,1787545,1871962
mpi_ivf,2,blocking,pthread,2,64,16,16,100,32,10,1,3187337,3654191
mpi_ivf,2,blocking,pthread,4,64,16,16,100,32,10,1,3704196,4469072
mpi_ivf,2,blocking,none,1,64,4,16,100,32,10,0.96,4015190,4951334
mpi_ivf,2,blocking,openmp,2,64,4,16,100,32,10,0.96,2315846,2754389
mpi_ivf,2,blocking,openmp,4,64,4,16,100,32,10,0.96,1889236,1951760
mpi_ivf,2,blocking,pthread,2,64,4,16,100,32,10,0.96,3936437,4824664
mpi_ivf,2,blocking,pthread,4,64,4,16,100,32,10,0.96,3805628,4170662
mpi_ivf,2,blocking,none,1,64,8,16,100,32,10,0.99,3530839,3686276
mpi_ivf,2,blocking,openmp,2,64,8,16,100,32,10,0.99,2206845,2486900
mpi_ivf,2,blocking,openmp,4,64,8,16,100,32,10,0.99,1856796,2031081
mpi_ivf,2,blocking,pthread,2,64,8,16,100,32,10,0.99,3322045,3794504
mpi_ivf,2,blocking,pthread,4,64,8,16,100,32,10,0.99,3041926,3583794
graph,2,blocking,openmp,2,128,16,16,100,16,10,0.93,107674,1023461
graph,2,blocking,openmp,4,128,16,16,100,16,10,0.94,211,317
graph,2,blocking,pthread,2,128,16,16,100,16,10,0.92,221,352
graph,2,blocking,pthread,4,128,16,16,100,16,10,0.92,1022,8252
graph,2,blocking,openmp,2,128,16,16,100,32,10,0.97,146265,1459832
graph,2,blocking,openmp,4,128,16,16,100,32,10,0.97,19896,183194
graph,2,blocking,pthread,2,128,16,16,100,32,10,0.98,324,495
graph,2,blocking,pthread,4,128,16,16,100,32,10,0.98,1652,13232
graph,2,blocking,openmp,2,128,16,16,40,16,10,0.88,12819,126635
graph,2,blocking,openmp,4,128,16,16,40,16,10,0.9,5749,55966
graph,2,blocking,pthread,2,128,16,16,40,16,10,0.9,263586,2634047
graph,2,blocking,pthread,4,128,16,16,40,16,10,0.9,1384,12251
graph,2,blocking,openmp,2,128,16,16,40,32,10,0.95,103459,997545
graph,2,blocking,openmp,4,128,16,16,40,32,10,0.96,806,6028
graph,2,blocking,pthread,2,128,16,16,40,32,10,0.96,413226,4129723
graph,2,blocking,pthread,4,128,16,16,40,32,10,0.96,421852,4215986
graph,2,blocking,openmp,2,128,16,8,100,16,10,0.87,174,313
graph,2,blocking,openmp,4,128,16,8,100,16,10,0.91,1631,15018
graph,2,blocking,pthread,2,128,16,8,100,16,10,0.88,251,412
graph,2,blocking,pthread,4,128,16,8,100,16,10,0.88,77925,776960
graph,2,blocking,openmp,2,128,16,8,100,32,10,0.97,12491,107022
graph,2,blocking,openmp,4,128,16,8,100,32,10,0.97,32059,309579
graph,2,blocking,pthread,2,128,16,8,100,32,10,0.98,250,450
graph,2,blocking,pthread,4,128,16,8,100,32,10,0.98,317,1309
graph,2,blocking,openmp,2,128,16,8,40,16,10,0.85,38284,74679
graph,2,blocking,openmp,4,128,16,8,40,16,10,0.83,103164,1029404
graph,2,blocking,pthread,2,128,16,8,40,16,10,0.88,257,615
graph,2,blocking,pthread,4,128,16,8,40,16,10,0.88,27751,41316
graph,2,blocking,openmp,2,128,16,8,40,32,10,0.92,183,265
graph,2,blocking,openmp,4,128,16,8,40,32,10,0.91,22928,227479
graph,2,blocking,pthread,2,128,16,8,40,32,10,0.95,242280,2420947
graph,2,blocking,pthread,4,128,16,8,40,32,10,0.95,302965,3026673
